{
  "project_info": {
    "project_number": "729458412592",
    "firebase_url": "https://logintest-89000.firebaseio.com",
    "project_id": "logintest-89000",
    "storage_bucket": "logintest-89000.appspot.com"
  },
  "client": [
    {
      "client_info": {
        "mobilesdk_app_id": "1:729458412592:android:0a25f95d87ec19e8cbf1f5",
        "android_client_info": {
          "package_name": "com.example.logintest"
        }
      },
      "oauth_client": [
        {
          "client_id": "729458412592-5bk67drnfpt0sup4n2qj3pg6u0tsovhd.apps.googleusercontent.com",
          "client_type": 1,
          "android_info": {
            "package_name": "com.example.logintest",
            "certificate_hash": "76907fd0dcd48d8873613da660caca79f3f83a3b"
          }
        },
        {
          "client_id": "729458412592-r0001ss66oor76d26bbbiu9279n8a9r2.apps.googleusercontent.com",
          "client_type": 3
        }
      ],
      "api_key": [
        {
          "current_key": "AIzaSyCNaux0-S9gjfpIvWZv5iT-_s-Cj3FczM0"
        }
      ],
      "services": {
        "appinvite_service": {
          "other_platform_oauth_client": [
            {
              "client_id": "729458412592-r0001ss66oor76d26bbbiu9279n8a9r2.apps.googleusercontent.com",
              "client_type": 3
            }
          ]
        }
      }
    }
  ],
  "configuration_version": "1"
}